Node,Pressure,Enthalpy,Mass Flow Rate,CrossFlow
1,12262496.453859784,1100.7037718080994,0.33130105908741186,1.1722516651649879e-08
2,12262492.930496674,1100.7075436193118,0.33130105926630354,1.7276380266429658e-08
3,12262489.407152263,1100.711315433636,0.33130105953060396,2.2716241882364998e-08
4,12262485.883825421,1100.7150872510706,0.3313010598864044,2.80961620797423e-08
5,12262482.360517284,1100.7188590716141,0.33130106032763385,3.3362025553097674e-08
6,12262478.83722671,1100.7226308952652,0.33130106086038347,3.8567858122934424e-08
7,12262475.313954836,1100.7264027220226,0.33130106147858224,4.365953946889432e-08
8,12262471.790700529,1100.7301745518848,0.33130106218832134,4.8691140204488504e-08
9,12262468.267464925,1100.7339463848502,0.33130106298352974,5.360853995042747e-08
10,12262464.744246889,1100.7377182209177,0.33130106387029873,5.846575967743369e-08
11,12262461.221047554,1100.741490060086,0.33130106484255717,6.320871373028617e-08
12,12262457.69786579,1100.7452619023536,0.3313010659063963,6.789141321998945e-08
13,12262454.17470273,1100.7490337477188,0.3313010670557451,7.245978234584271e-08
14,12262450.651557237,1100.7528055961807,0.33130106829669476,7.696782237299148e-08
15,12262447.128430447,1100.7565774477378,0.33130106962317424,8.13614424862169e-08
16,12262443.605321227,1100.7603493023885,0.3313010710412747,8.569466891577027e-08
17,12262440.08223071,1100.7641211601315,0.33130107254492513,8.991341073208576e-08
18,12262436.559157763,1100.7678930209656,0.3313010741402167,9.40716843457481e-08
19,12262433.03610352,1100.771664884889,0.3313010758210784,9.811539372917556e-08
20,12262429.513066852,1100.775436751901,0.3313010775936014,1.0209858525431764e-07
21,12262425.99004889,1100.7792086219997,0.3313010794517146,1.0596713789915421e-07
22,12262422.467048494,1100.782980495184,0.33130108140150927,1.0977507332686213e-07
23,12262418.944066808,1100.7867523714522,0.3313010834369143,1.1346829024920821e-07
24,12262415.421102693,1100.790524250803,0.3313010855640209,1.1710085522712614e-07
25,12262411.89815729,1100.7942961332353,0.331301087776758,1.2061863698424464e-07
26,12262408.375229454,1100.7980680187472,0.33130109008121683,1.240756674526649e-07
27,12262404.852320326,1100.8018399073378,0.3313010924713263,1.2741784003929588e-07
28,12262401.329428773,1100.8056117990054,0.33130109495317756,1.3069919182639015e-07
29,12262397.806555925,1100.8093836937487,0.3313010975206996,1.338656160386722e-07
30,12262394.28370065,1100.8131555915663,0.33130110017998354,1.36971140005065e-07
31,12262390.760864088,1100.816927492457,0.33130110292495835,1.399616865851084e-07
32,12262387.2380451,1100.820699396419,0.33130110576171523,1.4289125845040264e-07
33,12262383.715244817,1100.8244713034514,0.33130110868418305,1.4570574843326586e-07
34,12262380.192462115,1100.8282432135525,0.33130111169845305,1.4845923397844994e-07
35,12262376.669698121,1100.8320151267212,0.3313011147984541,1.5109755799821314e-07
36,12262373.1469517,1100.8357870429556,0.3313011179902774,1.5367476335481497e-07
37,12262369.624223992,1100.8395589622548,0.3313011212678519,1.5613676730961722e-07
38,12262366.101513859,1100.8433308846172,0.3313011246372687,1.5853757317902722e-07
39,12262362.578822438,1100.8471028100416,0.33130112809245676,1.6082308805759224e-07
40,12262359.056148594,1100.8508747385265,0.3313011316395073,1.6304737017369968e-07
41,12262355.533493457,1100.8546466700705,0.33130113527234917,1.6515627170836423e-07
42,12262352.010855902,1100.858418604672,0.33130113899707353,1.672038560978057e-07
43,12262348.48823706,1100.86219054233,0.3313011428076093,1.6913600511151015e-07
44,12262344.965635793,1100.8659624830427,0.3313011467100477,1.7100676751537396e-07
45,12262341.443053242,1100.8697344268091,0.33130115069831756,1.7276201986384026e-07
46,12262337.920488266,1100.8735063736276,0.33130115477851013,1.7445578631598953e-07
47,12262334.397942005,1100.877278323497,0.33130115894455425,1.7603397797448607e-07
48,12262330.875413327,1100.8810502764154,0.3313011632025411,1.775506490786655e-07
49,12262327.352903357,1100.8848222323822,0.3313011675463996,1.789516408817645e-07
50,12262323.830410969,1100.8885941913954,0.33130117198222087,1.8029102279476907e-07
51,12262320.307937296,1100.892366153454,0.3313011765039338,1.8151467558094335e-07
52,12262316.785481203,1100.8961381185563,0.33130118111762963,1.8267664405837716e-07
53,12262313.263043828,1100.8999100867013,0.33130118581723716,1.8372282364108576e-07
54,12262309.740624031,1100.903682057887,0.3313011906088476,1.8470723455787323e-07
55,12262306.218222953,1100.9074540321124,0.33130119548638987,1.8557577692799953e-07
56,12262302.695839457,1100.911226009376,0.33130120045595507,1.8638249113381147e-07
57,12262299.173474675,1100.9149979896767,0.3313012055114721,1.8707325714157698e-07
58,12262295.651127474,1100.9187699730126,0.33130121065903206,1.877021156054316e-07
59,12262292.128798991,1100.922541959383,0.3313012158925639,1.8821496610499437e-07
60,12262288.606488092,1100.9263139487855,0.3313012212181588,1.8866583962607898e-07
61,12262285.084195912,1100.9300859412194,0.3313012266297456,1.8900062056230048e-07
62,12262281.561921315,1100.9338579366834,0.33130123213341545,1.8927335508809155e-07
63,12262278.039665436,1100.9376299351761,0.33130123772309716,1.8942992235195291e-07
64,12262274.51742714,1100.9414019366957,0.331301243404882,1.8952436880471162e-07
65,12262270.995207561,1100.9451739412414,0.3313012491726987,1.8950257332008175e-07
66,12262267.473005567,1100.9489459488111,0.3313012550326385,1.8941858759686173e-07
67,12262263.950822294,1100.952717959404,0.3313012609786303,1.8921829520482342e-07
68,12262260.428656606,1100.956489973018,0.33130126701676516,1.8895575309071132e-07
69,12262256.906509636,1100.9602619896525,0.331301273140972,1.8857680975201605e-07
70,12262253.384380253,1100.9640340093058,0.331301279357342,1.8813553235397002e-07
71,12262249.86226959,1100.9678060319768,0.3313012856598039,1.8757779397552745e-07
72,12262246.340176515,1100.9715780576632,0.3313012920544489,1.8695765211502904e-07
73,12262242.818102159,1100.9753500863649,0.3313012985352059,1.8622096963667655e-07
74,12262239.29604539,1100.9791221180792,0.33130130510816597,1.854218142546475e-07
75,12262235.774007339,1100.9828941528056,0.33130131176725797,1.8450603862024096e-07
76,12262232.251986882,1100.986666190542,0.3313013185185731,1.8352772563244153e-07
77,12262228.729985142,1100.990438231288,0.3313013253560401,1.824327177320158e-07
78,12262225.208000993,1100.9942102750413,0.33130133228575026,1.8127508814475048e-07
79,12262221.686035562,1100.9979823218011,0.3313013393016323,1.8000069893022682e-07
80,12262218.164087726,1101.0017543715658,0.3313013464097774,1.7866362855110716e-07
81,12262214.64215861,1101.0055264243342,0.33130135360411433,1.7720972389167437e-07
82,12262211.120247087,1101.0092984801042,0.3313013608907343,1.7569304876350266e-07
83,12262207.598354284,1101.0130705388754,0.33130136826356615,1.7405947961918392e-07
84,12262204.076479072,1101.0168426006453,0.331301375728701,1.7236306561500864e-07
85,12262200.554622585,1101.0206146654136,0.33130138328006764,1.7054968294989386e-07
86,12262197.032783689,1101.024386733178,0.33130139092375727,1.6867337109120775e-07
87,12262193.510963516,1101.028158803938,0.3313013986536987,1.6668002090239552e-07
88,12262189.989160934,1101.031930877691,0.331301406475983,1.6462367706987582e-07
89,12262186.467377078,1101.0357029544368,0.33130141438453903,1.6245020038748257e-07
90,12262182.945610814,1101.0394750341736,0.3313014223854579,1.6021367058135066e-07
91,12262179.423863277,1101.0432471169,0.33130143047266847,1.578599581503004e-07
92,12262175.902133329,1101.0470192026141,0.33130143865226186,1.5544309831675523e-07
93,12262172.38042211,1101.0507912913154,0.3313014469181669,1.529089862042972e-07
94,12262168.85872848,1101.0545633830018,0.3313014552764746,1.5031165229338938e-07
95,12262165.337053582,1101.0583354776725,0.33130146372111385,1.4759699148410468e-07
96,12262161.815396275,1101.0621075753252,0.3313014722581758,1.448190344786757e-07
97,12262158.293757701,1101.0658796759596,0.3313014808815892,1.4192368590341058e-07
98,12262154.772136712,1101.0696517795734,0.33130148959744526,1.3896496176123933e-07
99,12262151.250534454,1101.073423886166,0.3313014983996727,1.3588875652857222e-07
100,12262147.72894979,1101.077195995735,0.3313015072943627,1.3274912618238652e-07
101,12262144.207383856,1101.08096810828,0.331301516275444,1.29491930202517e-07
102,12262140.685835514,1101.084740223799,0.33130152534900775,1.2617122973360016e-07
103,12262137.164305907,1101.0885123422909,0.33130153450898275,1.2273291389194805e-07
104,12262133.642793888,1101.092284463754,0.3313015437614601,1.1923099926974843e-07
105,12262130.121300602,1101.0960565881876,0.3313015531003686,1.1561139965844218e-07
106,12262126.599824911,1101.0998287155894,0.3313015625317993,1.1192812685631958e-07
107,12262123.078367949,1101.103600845959,0.3313015720496811,1.0812707957167542e-07
108,12262119.556928586,1101.1073729792938,0.33130158166010504,1.0426232445116302e-07
109,12262116.035507953,1101.1111451155934,0.33130159135699994,1.0027971033325401e-07
110,12262112.514104918,1101.1149172548558,0.33130160114645685,9.623330402023911e-08
111,12262108.992720613,1101.1186893970798,0.33130161102240463,9.2068964144834e-08
112,12262105.471353905,1101.1224615422639,0.3313016209909343,8.784075765340281e-08
113,12262101.950005934,1101.1262336904074,0.3313016310459747,8.34945579557901e-08
114,12262098.428675555,1101.130005841508,0.33130164119361694,7.908439236185758e-08
115,12262094.907363908,1101.1337779955647,0.3313016514277898,7.455615901306434e-08
116,12262091.38606986,1101.1375501525758,0.3313016617545843,6.996390522287236e-08
117,12262087.864794547,1101.1413223125408,0.3313016721679293,6.525351410875388e-08
118,12262084.343536831,1101.145094475457,0.3313016826739158,6.047902811932504e-08
119,12262080.822297852,1101.1488666413238,0.3313016932664727,5.558632530361761e-08
120,12262077.30107647,1101.1526388101393,0.331301703951691,5.062946311595439e-08
121,12262073.779873824,1101.156410981903,0.3313017147234995,4.555430957981801e-08
122,12262070.25868878,1101.1601831566124,0.3313017255879893,4.041491725679773e-08
123,12262066.737522464,1101.1639553342675,0.3313017365390892,3.515713918826244e-08
124,12262063.216373757,1101.1677275148654,0.33130174758289016,2.983507770993746e-08
125,12262059.69524378,1101.1714996984058,0.33130175871332107,2.4394560953971677e-08
126,12262056.174131399,1101.1752718848861,0.331301769936473,1.8889641593855392e-08
127,12262052.653037762,1101.1790440743066,0.33130178124627463,1.3266232231271546e-08
128,12262049.131961722,1101.1828162666643,0.3313017926488171,7.578340832716437e-09
129,12262045.610904416,1101.1865884619592,0.3313018041380292,1.7718650644082853e-09
130,12262042.089864714,1101.1903606601884,0.3313018157200019,-4.099132409424282e-09
131,12262038.568843748,1101.1941328613518,0.33130182738866404,-1.0088872328144358e-08
132,12262035.04784039,1101.197905065447,0.3313018391501067,-1.6143120777538605e-08
133,12262031.526855763,1101.2016772724737,0.3313018509982586,-2.2316208046702832e-08
134,12262028.00588874,1101.2054494824292,0.33130186293921077,-2.8553903239197602e-08
135,12262024.484940456,1101.2092216953133,0.331301874966892,-3.491048196055351e-08
136,12262020.964009775,1101.2129939111237,0.3313018870873934,-4.133173817127508e-08
137,12262017.443097832,1101.2167661298597,0.33130189929464365,-4.787196238747639e-08
138,12262013.922203492,1101.220538351519,0.3313019115948011,-5.447693863000109e-08
139,12262010.401327906,1101.2243105761015,0.3313019239816601,-6.120122087833994e-08
140,12262006.880469907,1101.2280828036044,0.33130193646144607,-6.799007119392966e-08
141,12262003.359630661,1101.2318550340276,0.33130194902795335,-7.489829210538862e-08
142,12261999.83880901,1101.2356272673683,0.33130196168740744,-8.187114070761975e-08
143,12261996.31800611,1101.2393995036266,0.33130197443360265,-8.896345432108771e-08
144,12261992.7972208,1101.2431717427999,0.3313019872727645,-9.612047513304309e-08
145,12261989.276454251,1101.2469439848876,0.3313020001986873,-1.0339700565970402e-07
146,12261985.755705293,1101.2507162298875,0.33130201321759645,-1.10738312950331e-07
147,12261982.234975088,1101.2544884777992,0.33130202632328637,-1.1819923431085581e-07
148,12261978.714262474,1101.2582607286201,0.3313020395219825,-1.2572502188503873e-07
149,12261975.19356862,1101.26203298235,0.3313020528074792,-1.3337047320131422e-07
150,12261971.672892356,1101.2658052389866,0.3313020661860019,-1.4108085532550854e-07
151,12261968.152234849,1101.2695774985293,0.3313020796513449,-1.4891100057352834e-07
152,12261964.631594934,1101.2733497609756,0.3313020932097337,-1.5680614122367392e-07
153,12261961.110973774,1101.2771220263255,0.33130210685496264,-1.6482112449387129e-07
154,12261957.59037021,1101.2808942945762,0.33130212059325714,-1.7290115781821827e-07
155,12261954.069785407,1101.2846665657278,0.33130213441841155,-1.8110109337332855e-07
156,12261950.54921819,1101.2884388397772,0.3313021483366513,-1.893661982585265e-07
157,12261947.028669737,1101.2922111167245,0.3313021623417707,-1.977512699550264e-07
158,12261943.508138873,1101.295983396567,0.3313021764399952,-2.0620157557574275e-07
159,12261939.98762677,1101.2997556793043,0.3313021906251192,-2.147719424134736e-07
160,12261936.467132261,1101.3035279649341,0.33130220490336804,-2.2340759782740593e-07
161,12261932.94665651,1101.3073002534563,0.33130221926853604,-2.3216337903636586e-07
162,12261929.426198358,1101.311072544868,0.3313022337268487,-2.4098452335781226e-07
163,12261925.905758962,1101.3148448391694,0.3313022482721003,-2.499258779352962e-07
164,12261922.385337163,1101.3186171363573,0.3313022629105163,-2.589326701615746e-07
165,12261918.864934122,1101.3223894364319,0.331302277635891,-2.6805975213252633e-07
166,12261915.34454868,1101.3261617393907,0.3313022924544498,-2.772523363464777e-07
167,12261911.824182,1101.3299340452334,0.33130230735998706,-2.865652848213517e-07
168,12261908.303832913,1101.3337063539568,0.3313023223587282,-2.959438249888295e-07
169,12261904.783502592,1101.3374786655615,0.3313023374444675,-3.054427989610763e-07
170,12261901.263189858,1101.3412509800446,0.33130235262343044,-3.1500744413345375e-07
171,12261897.742895892,1101.3450232974058,0.33130236788941125,-3.246925926530999e-07
172,12261894.222619522,1101.3487956176425,0.3313023832486354,-3.3444346702513745e-07
173,12261890.702361913,1101.3525679407546,0.33130239869489725,-3.4431493914092576e-07
174,12261887.182121908,1101.3563402667396,0.33130241423442214,-3.542522017035929e-07
175,12261883.661900662,1101.3601125955972,0.3313024298610044,-3.643101265787067e-07
176,12261880.141697014,1101.3638849273245,0.3313024455808694,-3.744339313506299e-07
177,12261876.62151213,1101.367657261922,0.3313024613878115,-3.846784779155055e-07
178,12261873.10134484,1101.3714295993864,0.3313024772880561,-3.949889888561651e-07
179,12261869.581196316,1101.3752019397177,0.3313024932753975,-4.0542031609780586e-07
180,12261866.061065389,1101.3789742829133,0.3313025093560611,-4.1591767231006494e-07
181,12261862.540953228,1101.3827466289733,0.33130252552384115,-4.2653590938778057e-07
182,12261859.020858666,1101.3865189778946,0.3313025417849631,-4.3722024997322555e-07
183,12261855.500782872,1101.3902913296774,0.33130255813322124,-4.4802555587143093e-07
184,12261851.980724676,1101.3940636843188,0.33130257457484097,-4.588970298724984e-07
185,12261848.460685244,1101.3978360418187,0.3313025911036166,-4.698895486611116e-07
186,12261844.940663414,1101.4016084021744,0.3313026077257735,-4.809483100900179e-07
187,12261841.420660352,1101.4053807653859,0.331302624435106,-4.921281858376571e-07
188,12261837.900674889,1101.4091531314502,0.3313026412378395,-5.033743887053311e-07
189,12261834.380708188,1101.412925500368,0.3313026581277682,-5.147417903346349e-07
190,12261830.86075909,1101.4166978721355,0.3313026751111176,-5.261755737375193e-07
191,12261827.34082876,1101.4204702467534,0.3313026921816819,-5.377306453144976e-07
192,12261823.82091603,1101.4242426242186,0.3313027093456865,-5.493521781741291e-07
193,12261820.301022068,1101.428015004531,0.3313027265969257,-5.61095063763485e-07
194,12261816.781145714,1101.431787387688,0.33130274394162496,-5.729044702605333e-07
195,12261813.261288118,1101.4355597736896,0.3313027613735784,-5.848353288388533e-07
196,12261809.741448129,1101.439332162533,0.3313027788990115,-5.968327828633247e-07
197,12261806.221626906,1101.4431045542183,0.3313027965117185,-6.089517485505675e-07
198,12261802.701823289,1101.446876948742,0.33130281421792485,-6.211373991358542e-07
199,12261799.18203844,1101.4506493461051,0.33130283201142474,-6.334446309059791e-07
200,12261795.66227119,1101.4544217463042,0.3313028498984436,-6.458186320552343e-07
201,12261792.142522715,1101.4581941493393,0.3313028678727757,-6.583142689966365e-07
202,12261788.622791836,1101.4619665552075,0.33130288594064633,-6.708767597985281e-07
203,12261785.103079733,1101.4657389639092,0.33130290409584984,-6.835609708246547e-07
204,12261781.58338523,1101.4695113754415,0.3313029223446116,-6.963120903665475e-07
205,12261778.063709496,1101.473283789804,0.33130294068072585,-7.091850245052806e-07
206,12261774.544051364,1101.4770562069943,0.33130295911041796,-7.221249416995955e-07
207,12261771.024412004,1101.4808286270124,0.3313029776274822,-7.351867529485536e-07
208,12261767.504790256,1101.4846010498552,0.3313029962381439,-7.483155969379222e-07
209,12261763.985187275,1101.4883734755228,0.3313030149361974,-7.615664094670465e-07
210,12261760.4656019,1101.4921459040122,0.331303033727868,-7.74884339219152e-07
211,12261756.946035294,1101.4959183353237,0.33130305260695,-7.883243269076502e-07
212,12261753.426486297,1101.4996907694542,0.33130307157966865,-8.018314964177998e-07
213,12261749.906956067,1101.5034632064041,0.33130309063981833,-8.154607983461381e-07
214,12261746.387443447,1101.5072356461703,0.3313031097936243,-8.291573715504392e-07
215,12261742.867949594,1101.5110080887532,0.3313031290348809,-8.429761466819843e-07
216,12261739.348473353,1101.5147805341492,0.33130314836981345,-8.568622527178225e-07
217,12261735.82901588,1101.518552982359,0.33130316779221614,-8.708706500724963e-07
218,12261732.309576016,1101.5223254333796,0.3313031873083144,-8.849464578443966e-07
219,12261728.790154926,1101.5260978872109,0.3313032069119024,-8.991446065565599e-07
220,12261725.270751443,1101.5298703438498,0.3313032266092056,-9.134102601124431e-07
221,12261721.751366733,1101.533642803297,0.3313032463940181,-9.277983340546281e-07
222,12261718.231999628,1101.537415265549,0.33130326627256534,-9.422539923542575e-07
223,12261714.7126513,1101.5411877306062,0.3313032862386415,-9.568321405423743e-07
224,12261711.193320582,1101.5449601984656,0.331303306298472,-9.714779178046919e-07
225,12261707.674008634,1101.5487326691275,0.331303326445851,-9.86246299195424e-07
226,12261704.154714296,1101.5525051425884,0.33130334668700384,-1.001082384203868e-06
227,12261700.635438733,1101.5562776188492,0.3313033670157248,-1.0160411378683317e-06
228,12261697.116180783,1101.5600500979062,0.3313033874382392,-1.0310676597523576e-06
229,12261693.596941607,1101.5638225797602,0.3313034079483413,-1.0462169297313845e-06
230,12261690.077720039,1101.5675950644077,0.33130342855225636,-1.0614340623585999e-06
231,12261686.55851725,1101.5713675518493,0.33130344924377864,-1.0767739976627281e-06
232,12261683.039332068,1101.5751400420816,0.3313034700291335,-1.0921818751309794e-06
233,12261679.520165661,1101.578912535105,0.33130349090211514,-1.107712644653607e-06
234,12261676.001016865,1101.5826850309163,0.3313035118689489,-1.123311430885719e-06
235,12261672.481886845,1101.586457529516,0.33130353292342896,-1.1390331736925775e-06
236,12261668.962774437,1101.590230030901,0.3313035540717807,-1.154823007754779e-06
237,12261665.443680802,1101.5940025350715,0.33130357530779825,-1.1707358927365558e-06
238,12261661.924604781,1101.5977750420238,0.33130359663770703,-1.1867169286068875e-06
239,12261658.405547535,1101.6015475517593,0.33130361805530123,-1.2028210898555567e-06
240,12261654.886507904,1101.6053200642739,0.33130363956680614,-1.2189934765396698e-06
241,12261651.367487045,1101.6090925795688,0.33130366116601595,-1.2352890829432e-06
242,12261647.848483799,1101.61286509764,0.331303682859156,-1.2516529843585464e-06
243,12261644.329499338,1101.6166376184883,0.33130370464002057,-1.2681401550930517e-06
244,12261640.810532482,1101.6204101421106,0.33130372651483486,-1.2846957202425882e-06
245,12261637.29158441,1101.624182668507,0.33130374847739313,-1.3013746241933139e-06
246,12261633.772653945,1101.6279551976743,0.33130377053392074,-1.318121992136555e-06
247,12261630.253742265,1101.6317277296132,0.3313037926782118,-1.334992783274232e-06
248,12261626.73484819,1101.63550026432,0.3313038149164917,-1.3519321228956276e-06
249,12261623.2159729,1101.6392728017952,0.3313038372425546,-1.368994955189619e-06
250,12261619.69711522,1101.6430453420357,0.33130385966262577,-1.3861264055459791e-06
251,12261616.178276323,1101.6468178850423,0.33130388217049944,-1.403381427993235e-06
252,12261612.659455039,1101.6505904308112,0.3313039047724009,-1.4207051231689742e-06
253,12261609.140652535,1101.6543629793432,0.33130392746212434,-1.4381524897361207e-06
254,12261605.621867644,1101.6581355306346,0.3313039502458951,-1.4556686085537098e-06
255,12261602.103101535,1101.6619080846863,0.3313039731175073,-1.4733084732059957e-06
256,12261598.584353039,1101.6656806414944,0.33130399608318634,-1.4910171696313114e-06
257,12261595.06562332,1101.6694532010602,0.3313040191367263,-1.5088497012457427e-06
258,12261591.54691122,1101.6732257633798,0.3313040422843525,-1.5267511093591216e-06
259,12261588.028217895,1101.676998328454,0.33130406551985914,-1.5447764370429757e-06
260,12261584.509542191,1101.680770896279,0.33130408884947155,-1.5628707257207021e-06
261,12261580.990885269,1101.684543466856,0.33130411226698386,-1.5810889885219687e-06
262,12261577.472245961,1101.6883160401812,0.33130413577862133,-1.5993762918416598e-06
263,12261573.953625437,1101.692088616255,0.3313041593781782,-1.6177876636042481e-06
264,12261570.435022525,1101.6958611950743,0.33130418307187975,-1.636268165352574e-06
265,12261566.9164384,1101.6996337766398,0.33130420685352013,-1.654872785121708e-06
266,12261563.39787189,1101.7034063609474,0.33130423072932463,-1.6735466044604243e-06
267,12261559.87932416,1101.7071789479987,0.3313042546930874,-1.6923446361351545e-06
268,12261556.360794049,1101.7109515377895,0.33130427875103374,-1.7112119369640198e-06
269,12261552.84228272,1101.7147241303207,0.33130430289695784,-1.730203524557842e-06
270,12261549.32378901,1101.7184967255887,0.3313043271370849,-1.7492644558621172e-06
271,12261545.805314083,1101.7222693235942,0.33130435146520915,-1.7684497632712984e-06
272,12261542.286856776,1101.7260419243337,0.33130437588755585,-1.7877044690638284e-06
273,12261538.768418249,1101.729814527808,0.33130440039791914,-1.807083645270124e-06
274,12261535.249997346,1101.7335871340133,0.3313044250025243,-1.8265322993886072e-06
275,12261531.731595222,1101.7373597429507,0.3313044496951656,-1.8461054834303021e-06
276,12261528.213210715,1101.7411323546164,0.3313044744820681,-1.8657482298848218e-06
277,12261524.694844993,1101.7449049690113,0.33130449935702616,-1.8855155906250328e-06
278,12261521.176496891,1101.7486775861316,0.3313045243262649,-1.9053525783953312e-06
279,12261517.658167575,1101.752450205978,0.3313045493835785,-1.92531425486955e-06
280,12261514.139855875,1101.7562228285472,0.33130457453519224,-1.9453456478470947e-06
281,12261510.621562961,1101.7599954538398,0.3313045997749003,-1.9655018039445933e-06
282,12261507.103287667,1101.7637680818523,0.3313046251089279,-1.985727731222212e-06
283,12261503.58503116,1101.7675407125853,0.33130465053106917,-2.00607851094672e-06
284,12261500.066792272,1101.7713133460352,0.33130467604754943,-2.0264991413841355e-06
285,12261496.548572168,1101.7750859822029,0.3313047016521628,-2.047044708622115e-06
286,12261493.030369684,1101.778858621085,0.33130472735113453,-2.0676601961645486e-06
287,12261489.512185983,1101.782631262682,0.33130475313825875,-2.0884007098300153e-06
288,12261485.994019907,1101.78640390699,0.3313047790197607,-2.109211213392325e-06
289,12261482.475872613,1101.79017655401,0.3313048049894345,-2.130146817484784e-06
290,12261478.957742946,1101.7939492037385,0.3313048310535054,-2.151152476096304e-06
291,12261475.439632062,1101.7977218561764,0.3313048572057676,-2.1722833146138564e-06
292,12261471.921538804,1101.80149451132,0.33130488345244624,-2.193484287186653e-06
293,12261468.403464327,1101.8052671691698,0.33130490978733557,-2.2148105140680474e-06
294,12261464.885407478,1101.8090398297225,0.33130493621666074,-2.236206954541755e-06
295,12261461.367369415,1101.8128124929785,0.33130496273421595,-2.2577287088112356e-06
296,12261457.849348973,1101.8165851589345,0.3313049893462264,-2.279320771124086e-06
297,12261454.331347322,1101.8203578275914,0.33130501604648616,-2.3010382315727158e-06
298,12261450.813363291,1101.8241304989451,0.33130504284122053,-2.322826069661535e-06
299,12261447.295398049,1101.827903172997,0.33130506972422363,-2.344739380281747e-06
300,12261443.777450426,1101.8316758497429,0.3313050967017207,-2.366723153052978e-06
301,12261440.259521596,1101.835448529184,0.33130512376750587,-2.388832467777843e-06
302,12261436.741610385,1101.8392212113163,0.3313051509278043,-2.4110123142524093e-06
303,12261433.223717963,1101.842993896141,0.3313051781764102,-2.433317801926652e-06
304,12261429.705843166,1101.8467665836542,0.33130520551954873,-2.455693890950231e-06
305,12261426.187987158,1101.8505392738568,0.331305232951014,-2.478195700533035e-06
306,12261422.670148775,1101.8543119667452,0.33130526047703124,-2.5007681810657792e-06
307,12261419.152329182,1101.85808466232,0.3313052880913946,-2.5234664515728548e-06
308,12261415.634527212,1101.8618573605777,0.33130531580032924,-2.546235467602481e-06
309,12261412.116744034,1101.8656300615191,0.3313053435976293,-2.56913034799016e-06
310,12261408.598978477,1101.8694027651404,0.33130537148952,-2.5920960534450198e-06
311,12261405.081231711,1101.873175471443,0.3313053994697954,-2.6151877075812776e-06
312,12261401.563502569,1101.8769481804222,0.33130542754468084,-2.638350271301369e-06
313,12261398.045792216,1101.8807208920798,0.3313054557079703,-2.661638868023755e-06
314,12261394.528099488,1101.8844936064115,0.33130548396588905,-2.684998433992534e-06
315,12261391.010425553,1101.8882663234185,0.3313055123122311,-2.7084841172820474e-06
316,12261387.492769245,1101.892039043097,0.3313055407532217,-2.7320408294815527e-06
317,12261383.975131724,1101.8958117654477,0.33130556928265503,-2.7557237532597996e-06
318,12261380.457511831,1101.899584490467,0.3313055979067562,-2.7794777854967687e-06
319,12261376.939910727,1101.9033572181559,0.3313056266193193,-2.803358098712889e-06
320,12261373.422327252,1101.9071299485104,0.3313056554265696,-2.827309589995486e-06
321,12261369.904762566,1101.9109026815318,0.3313056843223011,-2.851387436626159e-06
322,12261366.387215504,1101.914675417216,0.3313057133127391,-2.875536560758258e-06
323,12261362.869687239,1101.9184481555642,0.33130574239167765,-2.8998121146048297e-06
324,12261359.3521766,1101.922220896572,0.33130577156534186,-2.9241590105917297e-06
325,12261355.834684754,1101.9259936402411,0.3313058008275259,-2.9486324106569686e-06
326,12261352.317210535,1101.9297663865673,0.331305830184455,-2.9731772274445765e-06
327,12261348.799755102,1101.9335391355519,0.3313058596299231,-2.9978486475269217e-06
328,12261345.282317305,1101.9373118871906,0.3313058891701555,-3.022591529088696e-06
329,12261341.764898295,1101.9410846414848,0.3313059187989463,-3.0474611032169976e-06
330,12261338.24749692,1101.9448573984305,0.33130594852252054,-3.0724022283220687e-06
331,12261334.730114333,1101.9486301580284,0.33130597833467246,-3.0974701153788055e-06
332,12261331.212749375,1101.9524029202748,0.33130600824162715,-3.1226096528528155e-06
333,12261327.695403209,1101.9561756851713,0.3313060382371787,-3.147876021661028e-06
334,12261324.178074673,1101.959948452713,0.33130606832755227,-3.173214085647023e-06
335,12261320.66076493,1101.9637212229018,0.33130609850654197,-3.198679070231201e-06
336,12261317.143472815,1101.9674939957333,0.3313061287803729,-3.224215839493964e-06
337,12261313.626199495,1101.971266771209,0.33130615914283923,-3.2498796037032146e-06
338,12261310.108943803,1101.9750395493245,0.33130618960016606,-3.2756152420930322e-06
339,12261306.591706904,1101.9788123300816,0.33130622014614747,-3.3014779547459996e-06
340,12261303.074487638,1101.9825851134756,0.33130625078700865,-3.3274125863436152e-06
341,12261299.557287164,1101.986357899508,0.3313062815165436,-3.3534743814604012e-06
342,12261296.04010432,1101.9901306881745,0.33130631234097757,-3.3796081800552247e-06
343,12261292.522940272,1101.9939034794766,0.3313063432541046,-3.4058692214805298e-06
344,12261289.005793853,1101.9976762734098,0.33130637426214976,-3.4322023409764612e-06
345,12261285.48866623,1102.001449069976,0.3313064053589072,-3.458662772669477e-06
346,12261281.971556237,1102.0052218691703,0.33130643655060205,-3.4851953669689668e-06
347,12261278.454465035,1102.0089946709948,0.33130646783102835,-3.511855367684465e-06
348,12261274.937391467,1102.0127674754447,0.33130649920641125,-3.538587595659505e-06
349,12261271.420336694,1102.0165402825216,0.33130653067054483,-3.565447304382718e-06
350,12261267.903299553,1102.0203130922214,0.3313065622296542,-3.5923793199328337e-06
351,12261264.386281207,1102.0240859045452,0.3313065938775335,-3.619438890560542e-06
352,12261260.869280495,1102.0278587194891,0.33130662562040775,-3.6465708276997743e-06
353,12261257.352298576,1102.0316315370544,0.3313066574520711,-3.6738304190982836e-06
354,12261253.83533429,1102.0354043572368,0.33130668937874863,-3.701162456578256e-06
355,12261250.3183888,1102.0391771800375,0.3313067213942344,-3.7286222176703785e-06
356,12261246.801460939,1102.0429500054524,0.3313067535047535,-3.7561545193282265e-06
357,12261243.28455188,1102.046722833483,0.3313067857041001,-3.7838146040062915e-06
358,12261239.767660446,1102.0504956641248,0.3313068179984992,-3.8115473038516578e-06
359,12261236.250787815,1102.0542684973793,0.3313068503817449,-3.83940788091952e-06
360,12261232.733932815,1102.0580413332423,0.3313068828600623,-3.867341137815591e-06
361,12261229.217096612,1102.0618141717152,0.3313069154272455,-3.895402351220606e-06
362,12261225.700278042,1102.0655870127937,0.33130694808951955,-3.92353632402909e-06
363,12261222.18347827,1102.0693598564794,0.33130698084067856,-3.951798332630124e-06
364,12261218.66669613,1102.0731327027677,0.3313070136869476,-3.9801331851822525e-06
365,12261215.149932785,1102.0769055516605,0.33130704662212074,-4.008596157778669e-06
366,12261211.633187076,1102.080678403153,0.33130707965242306,-4.037132034020195e-06
367,12261208.116460167,1102.0844512572469,0.3313071127716486,-4.0657961046128744e-06
368,12261204.59975089,1102.0882241139377,0.33130714598602246,-4.094533158430068e-06
369,12261201.083060408,1102.0919969732272,0.33130717928933867,-4.1233984958153865e-06
370,12261197.566387568,1102.0957698351108,0.33130721268782237,-4.152336871151043e-06
371,12261194.04973352,1102.09954269959,0.3313072461752676,-4.181403634181872e-06
372,12261190.533097101,1102.1033155666607,0.33130727975789936,-4.210543524687259e-06
373,12261187.016479488,1102.1070884363241,0.3313073134295118,-4.2398118523309864e-06
374,12261183.499879505,1102.1108613085757,0.33130734719633,-4.269153396974924e-06
375,12261179.983298326,1102.1146341834176,0.3313073810521479,-4.298623448081417e-06
376,12261176.46673478,1102.118407060845,0.33130741500319066,-4.328166780860253e-06
377,12261172.950190034,1102.1221799408593,0.3313074490432523,-4.3578387242198596e-06
378,12261169.433662925,1102.1259528234564,0.3313074831785579,-4.387584023867391e-06
379,12261165.917154612,1102.1297257086378,0.3313075174029015,-4.417458013355959e-06
380,12261162.400663933,1102.1334985963988,0.33130755172250814,-4.4474054436914986e-06
381,12261158.884192057,1102.1372714867414,0.3313075861311719,-4.4774816232413864e-06
382,12261155.367737815,1102.1410443796608,0.3313076206351178,-4.507631323227796e-06
383,12261151.851302372,1102.1448172751589,0.33130765522813993,-4.537909861624807e-06
384,12261148.334884565,1102.1485901732308,0.33130768991646325,-4.568261985136423e-06
385,12261144.818485558,1102.1523630738786,0.33130772469388187,-4.598743051164836e-06
386,12261141.302104186,1102.1561359770976,0.33130775956662084,-4.62929775704548e-06
387,12261137.78574162,1102.1599088828896,0.3313077945284742,-4.659981479720148e-06
388,12261134.269396685,1102.1636817912497,0.33130782958566696,-4.690738936754113e-06
389,12261130.753070552,1102.16745470218,0.33130786473199314,-4.721625479885288e-06
390,12261127.236762056,1102.1712276156757,0.3313078999736778,-4.752585832000426e-06
391,12261123.720472358,1102.1750005317385,0.331307935304515,-4.7836753693388025e-06
392,12261120.2042003,1102.1787734503637,0.3313079707307298,-4.814838770403426e-06
393,12261116.687947042,1102.1825463715534,0.33130800624611617,-4.846131440901275e-06
394,12261113.171711419,1102.1863192953026,0.33130804185689916,-4.877498064666129e-06
395,12261109.6554946,1102.1900922216134,0.3313080775568728,-4.908994017216168e-06
396,12261106.139295418,1102.193865150481,0.3313081133522621,-4.940564012575558e-06
397,12261102.623115035,1102.1976380819076,0.33130814923686114,-4.972263435836838e-06
398,12261099.106952291,1102.2014110158877,0.33130818521689487,-5.004036941741591e-06
399,12261095.590808349,1102.2051839524238,0.3313082212861574,-5.03593995974886e-06
400,12261092.074682046,1102.208956891511,0.33130825745087367,-5.067917149945165e-06
401,12261088.558574542,1102.212729833151,0.3313082937048377,-5.100023936441453e-06
402,12261085.042484676,1102.216502777339,0.33130833005427457,-5.1322049697610315e-06
403,12261081.526413618,1102.2202757240773,0.33130836649297823,-5.164515658719987e-06
404,12261078.01036019,1102.2240486733608,0.33130840302717374,-5.196900698964017e-06
405,12261074.494325567,1102.2278216251916,0.3313084396506551,-5.22941548898048e-06
406,12261070.978308586,1102.231594579565,0.33130847636964733,-5.262004665151753e-06
407,12261067.462310407,1102.2353675364827,0.33130851317794446,-5.294723670312398e-06
408,12261063.946329864,1102.2391404959399,0.33130855008177146,-5.327517166092949e-06
409,12261060.430368125,1102.2429134579386,0.33130858707492233,-5.360440570076581e-06
410,12261056.914424026,1102.2466864224739,0.3313086241636221,-5.393438534350074e-06
411,12261053.398498727,1102.2504593895478,0.33130866134166476,-5.426566505921014e-06
412,12261049.88259107,1102.2542323591556,0.33130869861527534,-5.459769077627631e-06
413,12261046.366702216,1102.258005331299,0.33130873597824784,-5.493101730867943e-06
414,12261042.850830996,1102.2617783059736,0.3313087734368072,-5.5265090986560805e-06
415,12261039.334978588,1102.2655512831811,0.33130881098474746,-5.560046612268939e-06
416,12261035.819143817,1102.2693242629166,0.33130884862829363,-5.5936589101047455e-06
417,12261032.303327845,1102.2730972451823,0.3313088863612397,-5.627401472733704e-06
418,12261028.787529519,1102.276870229973,0.33130892418981056,-5.661218879320532e-06
419,12261025.271749996,1102.2806432172908,0.3313089621078003,-5.6951666100139895e-06
420,12261021.755988108,1102.2844162071308,0.33130900012143394,-5.729189269256857e-06
421,12261018.240245024,1102.2881891994953,0.3313090382245054,-5.7633423318004e-06
422,12261014.724519584,1102.291962194379,0.3313090764232397,-5.797570387602787e-06
423,12261011.20881295,1102.2957351917846,0.3313091147114308,-5.831928925896575e-06
424,12261007.693123953,1102.2995081917065,0.33130915309530373,-5.866362551986236e-06
425,12261004.177453762,1102.303281194147,0.3313091915686524,-5.900926749696597e-06
426,12261000.661801212,1102.307054199101,0.3313092301377018,-5.935566104886828e-06
427,12260997.14616746,1102.3108272065708,0.33130926879624595,-5.9703361257946515e-06
428,12260993.630551353,1102.3146002165515,0.3313093075505098,-6.005181368897189e-06
429,12260990.114954056,1102.3183732290452,0.33130934639428733,-6.040157327072149e-06
430,12260986.599374397,1102.3221462440465,0.33130938533380355,-6.075208606955265e-06
431,12260983.083813543,1102.325919261558,0.3313094243628524,-6.11039070594283e-06
432,12260979.568270333,1102.3296922815746,0.33130946348765883,-6.145648171473243e-06
433,12260976.052745925,1102.3334653040986,0.3313095027020168,-6.181036550194781e-06
434,12260972.537239164,1102.3372383291244,0.33130954201215135,-6.216500365150536e-06
435,12260969.021751205,1102.3410113566547,0.3313095814118564,-6.252095177438735e-06
436,12260965.506280884,1102.344784386684,0.3313096209073569,-6.287765525480164e-06
437,12260961.99082937,1102.348557419215,0.3313096604924468,-6.323566935108054e-06
438,12260958.4753955,1102.352330454242,0.3313097001733511,-6.35944396509719e-06
439,12260954.959980432,1102.3561034917677,0.3313097399438637,-6.3954521606910155e-06
440,12260951.44458301,1102.359876531787,0.3313097798102096,-6.431536016517371e-06
441,12260947.929204393,1102.363649574302,0.3313098197661828,-6.467751102195503e-06
442,12260944.413843414,1102.3674226193073,0.33130985981800815,-6.504041962543738e-06
443,12260940.898501245,1102.3711956668055,0.3313098999594797,-6.540464116987342e-06
444,12260937.38317672,1102.3749687167917,0.3313099401968223,-6.576962095918116e-06
445,12260933.867870998,1102.378741769268,0.33130998052383,-6.613591482893904e-06
446,12260930.352582918,1102.382514824229,0.3313100209467277,-6.650296778972557e-06
447,12260926.837313646,1102.3862878816772,0.3313100614593093,-6.6871335622456305e-06
448,12260923.322062017,1102.390060941607,0.3313101020677998,-6.72404632929733e-06
449,12260919.806829197,1102.3938340040215,0.3313101427659932,-6.761090642805488e-06
450,12260916.291614017,1102.3976070689148,0.3313101835601143,-6.798211024711926e-06
451,12260912.776417647,1102.4013801362896,0.3313102244439572,-6.83546304215901e-06
452,12260909.26123892,1102.4051532061405,0.3313102654237467,-6.8727911977131516e-06
453,12260905.746078998,1102.4089262784698,0.33131030649327675,-6.910251097772356e-06
454,12260902.230936714,1102.4126993532727,0.3313103476587723,-6.947787215591289e-06
455,12260898.715813244,1102.416472430551,0.33131038891402737,-6.985455127224688e-06
456,12260895.200707415,1102.4202455102998,0.3313104302652668,-7.023199331301576e-06
457,12260891.68562039,1102.4240185925214,0.3313104717062845,-7.061075453062941e-06
458,12260888.170551013,1102.4277916772105,0.33131051324330546,-7.099027907156958e-06
459,12260884.655500446,1102.4315647643696,0.3313105548701236,-7.13711232823762e-06
460,12260881.140467519,1102.4353378539931,0.3313105965929638,-7.175273201077304e-06
461,12260877.625453401,1102.4391109460837,0.33131063840562003,-7.2135661399116115e-06
462,12260874.110456927,1102.442884040636,0.33131068031431715,-7.251935590281999e-06
463,12260870.595479261,1102.446657137653,0.33131072231284914,-7.2904371758256635e-06
464,12260867.08051924,1102.4504302371283,0.3313107644074409,-7.329015357539266e-06
465,12260863.565578025,1102.454203339065,0.33131080659188633,-7.367725768455836e-06
466,12260860.050654454,1102.4579764434577,0.33131084887241036,-7.4065128303526345e-06
467,12260856.535749696,1102.461749550309,0.33131089124280694,-7.445432215478386e-06
468,12260853.02086258,1102.465522659613,0.3313109337093009,-7.484428336222418e-06
469,12260849.505994271,1102.469295771373,0.33131097626568623,-7.523556859304838e-06
470,12260845.991143607,1102.473068885583,0.33131101891818776,-7.562762197674773e-06
471,12260842.476311754,1102.4768420022456,0.3313110616605995,-7.602100002575978e-06
472,12260838.961497543,1102.4806151213554,0.3313111044991462,-7.64151470243607e-06
473,12260835.446702141,1102.4843882429152,0.3313111474276219,-7.681061967813134e-06
474,12260831.931924386,1102.4881613669195,0.33131119045225144,-7.720686192909793e-06
475,12260828.41716544,1102.4919344933708,0.33131123356682873,-7.760443072563477e-06
476,12260824.902424136,1102.4957076222634,0.33131127677757866,-7.800276991612433e-06
477,12260821.387701645,1102.4994807536002,0.33131132007829517,-7.84024362940001e-06
478,12260817.872996796,1102.5032538873756,0.33131136347520307,-7.880287396202593e-06
479,12260814.358310757,1102.5070270235922,0.3313114069620963,-7.92046397077625e-06
480,12260810.843642365,1102.5108001622445,0.3313114505451998,-7.960717734161243e-06
481,12260807.328992782,1102.5145733033353,0.3313114942183074,-8.001104394345944e-06
482,12260803.814360842,1102.5183464468585,0.331311537987644,-8.041568337937042e-06
483,12260800.299747713,1102.5221195928175,0.3313115818470035,-8.082165257410781e-06
484,12260796.785152229,1102.5258927412065,0.33131162580261075,-8.122839520091678e-06
485,12260793.270575557,1102.529665892028,0.3313116698482597,-8.1636468377343e-06
486,12260789.756016528,1102.5334390452765,0.33131171399017517,-8.204531593183594e-06
487,12260786.241476309,1102.5372122009549,0.3313117582221511,-8.245549487640749e-06
488,12260782.726953736,1102.5409853590572,0.33131180255041226,-8.286644879709844e-06
489,12260779.212449975,1102.5447585195864,0.3313118469687526,-8.327873499799973e-06
490,12260775.697963864,1102.548531682537,0.33131189148339696,-8.369179687251444e-06
491,12260772.183496559,1102.5523048479113,0.3313119360881393,-8.410619186762292e-06
492,12260768.669046896,1102.556078015704,0.3313119807892044,-8.452136353211709e-06
493,12260765.154616047,1102.5598511859182,0.33131202558038614,-8.493786915754919e-06
494,12260761.640202845,1102.5636243585475,0.33131207046790945,-8.5355152000779e-06
495,12260758.125808451,1102.567397533595,0.33131211544556816,-8.57737695955423e-06
496,12260754.611431701,1102.5711707110554,0.33131216051958706,-8.619316535421236e-06
497,12260751.09707377,1102.5749438909306,0.33131220568376013,-8.66138966052627e-06
498,12260747.582733482,1102.5787170732158,0.33131225094431216,-8.70354066680968e-06
499,12260744.068412004,1102.5824902579136,0.33131229629503706,-8.745825331208273e-06
500,12260740.554108169,1102.586263445018,0.3313123417421596,-8.788187956488032e-06
501,12260737.039823147,1102.5900366345318,0.33131238727947376,-8.830684318930615e-06
502,12260733.525555776,1102.5938098264498,0.33131243291320434,-8.87325868219216e-06
503,12260730.011307213,1102.5975830207744,0.3313124786371452,-8.915966876572938e-06
504,12260726.497076299,1102.6013562175,0.33131252445752113,-8.958753166392947e-06
505,12260722.982864192,1102.6051294166296,0.33131257036812606,-9.001673376313638e-06
506,12260719.468669733,1102.608902618157,0.3313126163751848,-9.044671766354383e-06
507,12260715.954494087,1102.6126758220853,0.3313126624724912,-9.087804145589535e-06
508,12260712.440336088,1102.6164490284086,0.3313127086662701,-9.131014779686141e-06
509,12260708.9261969,1102.6202222371303,0.33131275495031537,-9.174359486979573e-06
510,12260705.412075356,1102.6239954482442,0.3313128013308518,-9.217782523878278e-06
511,12260701.897972623,1102.6277686617534,0.33131284780167325,-9.261339722943065e-06
512,12260698.383887542,1102.631541877652,0.3313128943690046,-9.304975316417541e-06
513,12260694.869821273,1102.6353150959428,0.33131294102663966,-9.348745151081444e-06
514,12260691.355772646,1102.63908831662,0.33131298778080326,-9.392593484729195e-06
515,12260687.841742836,1102.6428615396867,0.3313130346252892,-9.4365761435565e-06
516,12260684.327730672,1102.6466347651372,0.3313130815663224,-9.48063735126426e-06
517,12260680.813737316,1102.650407992974,0.3313131285976966,-9.524832992992128e-06
518,12260677.299761608,1102.6541812231917,0.3313131757256367,-9.569107258354067e-06
519,12260673.785804715,1102.6579544557928,0.33131322294393645,-9.613516016863453e-06
520,12260670.27186547,1102.6617276907718,0.3313132702588207,-9.658003488675733e-06
521,12260666.757945035,1102.6655009281315,0.3313133176640833,-9.702625542584094e-06
522,12260663.244042246,1102.6692741678662,0.331313365165949,-9.747326389524845e-06
523,12260659.730158273,1102.6730474099786,0.33131341275821174,-9.792161892593407e-06
524,12260656.216291947,1102.6768206544634,0.33131346044709625,-9.837076273397297e-06
525,12260652.702444436,1102.680593901323,0.3313135082263964,-9.882125394298331e-06
526,12260649.188614571,1102.6843671505515,0.3313135561023369,-9.927253457756551e-06
527,12260645.67480352,1102.6881404021524,0.33131360406871174,-9.972516360189751e-06
528,12260642.16101011,1102.6919136561191,0.3313136521317456,-1.0017858284917236e-05
529,12260638.647235515,1102.6956869124554,0.33131370028523227,-1.0063335127609704e-05
530,12260635.133478569,1102.699460171155,0.33131374853539663,-1.0108891062394317e-05
531,12260631.619740438,1102.7032334322207,0.33131379687603246,-1.0154581999100573e-05
532,12260628.106019953,1102.7070066956467,0.33131384531336455,-1.020035210267032e-05
533,12260624.59231828,1102.7107799614364,0.33131389384118676,-1.024625731199768e-05
534,12260621.07863425,1102.7145532295835,0.3313139424657238,-1.029224177787516e-05
535,12260617.564969044,1102.7183265000913,0.3313139911807696,-1.0338361383749394e-05
536,12260614.051321484,1102.7220997729537,0.3313140399925488,-1.0384560311008515e-05
537,12260610.537692733,1102.7258730481735,0.33131408889485536,-1.0430894511917158e-05
538,12260607.024081627,1102.7296463257453,0.3313141378939139,-1.0477308113960727e-05
539,12260603.510489337,1102.733419605672,0.33131418698351833,-1.0523857063651528e-05
540,12260599.996914694,1102.7371928879472,0.33131423616989336,-1.0570485489259062e-05
541,12260596.48335887,1102.7409661725742,0.3313142854468329,-1.0617249331536308e-05
542,12260592.96982069,1102.7447394595472,0.3313143348205616,-1.0664092739427415e-05
543,12260589.456301322,1102.7485127488694,0.33131438428487336,-1.0711071667802604e-05
544,12260585.942799604,1102.7522860405343,0.33131443384599285,-1.0758130221666103e-05
545,12260582.429316696,1102.7560593345454,0.331314483497714,-1.0805324379940129e-05
546,12260578.91585144,1102.7598326308967,0.3313145332462614,-1.0852598228550495e-05
547,12260575.402404997,1102.763605929591,0.33131458308542905,-1.0900007770464323e-05
548,12260571.888976207,1102.7673792306225,0.33131463302144154,-1.094749707750701e-05
549,12260568.375566225,1102.7711525339946,0.33131468304809275,-1.0995122161770809e-05
550,12260564.86217389,1102.774925839701,0.33131473317160737,-1.1042827110813115e-05
551,12260561.348800369,1102.7786991477446,0.3313147833857793,-1.1090667920989747e-05
552,12260557.835444497,1102.7824724581196,0.3313148336968332,-1.1138588665771948e-05
553,12260554.322107442,1102.7862457708293,0.33131488409856286,-1.1186645335713735e-05
554,12260550.808788037,1102.7900190858675,0.3313149345971931,-1.1234782020032679e-05
555,12260547.295487445,1102.7937924032371,0.33131498518651764,-1.128305473329906e-05
556,12260543.782204498,1102.7975657229324,0.33131503587276123,-1.1331407545687804e-05
557,12260540.268940367,1102.8013390449564,0.33131508664971765,-1.1379896460982086e-05
558,12260536.755693885,1102.805112369303,0.33131513752361164,-1.1428465525350564e-05
559,12260533.242466215,1102.8088856959757,0.33131518848823704,-1.1477170816286976e-05
560,12260529.729256192,1102.8126590249678,0.3313152395498185,-1.1525956346019218e-05
561,12260526.216064984,1102.8164323562833,0.3313152907021499,-1.1574878151414117e-05
562,12260522.702891428,1102.8202056899154,0.3313153419514558,-1.1623880265445781e-05
563,12260519.189736687,1102.8239790258679,0.3313153932915301,-1.167301874399734e-05
564,12260515.67659959,1102.827752364134,0.3313154447285975,-1.172223763085465e-05
565,12260512.16348131,1102.8315257047175,0.3313154962564518,-1.1771592976055404e-05
566,12260508.650380677,1102.835299047612,0.3313155478813177,-1.182102879443761e-05
567,12260505.13729886,1102.8390723928208,0.3313155995969889,-1.1870601130186146e-05
568,12260501.62423469,1102.8428457403375,0.3313156514096902,-1.1920254038790812e-05
569,12260498.111189336,1102.8466190901656,0.3313157033132154,-1.1970043563547059e-05
570,12260494.598161627,1102.8503924422992,0.33131575531378915,-1.2019913721070014e-05
571,12260491.085152736,1102.8541657967412,0.3313158074052052,-1.2069920578612603e-05
572,12260487.572161496,1102.8579391534854,0.3313158595936883,-1.21200081387771e-05
573,12260484.05918907,1102.8617125125354,0.3313159118730323,-1.2170232492766408e-05
574,12260480.546234291,1102.8654858738846,0.3313159642494617,-1.2220537619235717e-05
575,12260477.033298325,1102.8692592375367,0.3313160167167704,-1.2270979648242984e-05
576,12260473.520380005,1102.873032603485,0.33131606928118307,-1.232150252953296e-05
577,12260470.007480506,1102.8768059717331,0.33131612193649346,-1.2372162362419033e-05
578,12260466.494598659,1102.8805793422748,0.3313161746889262,-1.242290312739346e-05
579,12260462.981735623,1102.8843527151134,0.3313162275322752,-1.247378094769695e-05
580,12260459.468890233,1102.8881260902428,0.331316280472765,-1.2524739784868227e-05
581,12260455.956063656,1102.8918994676665,0.3313163335041895,-1.2575835786067705e-05
582,12260452.443254733,1102.8956728473777,0.3313163866327732,-1.2627012829267021e-05
583,12260448.930464622,1102.89944622938,0.33131643985230996,-1.2678327135247264e-05
584,12260445.41769216,1102.903219613667,0.33131649316902445,-1.2729722577954418e-05
585,12260441.904938513,1102.9069930002424,0.33131654657671045,-1.278125535733619e-05
586,12260438.392202519,1102.9107663890998,0.3313166000815926,-1.2832869358233219e-05
587,12260434.87948534,1102.9145397802424,0.33131665367746466,-1.2884620744839549e-05
588,12260431.36678581,1102.918313173664,0.3313167073705513,-1.2936453457635893e-05
589,12260427.85410509,1102.9220865693683,0.33131676115464626,-1.2988423669792601e-05
590,12260424.34144202,1102.9258599673483,0.33131681503597415,-1.3040475268079385e-05
591,12260420.828797763,1102.929633367608,0.33131686900832885,-1.3092664439605996e-05
592,12260417.316171154,1102.9334067701407,0.33131692307793487,-1.3144935096972588e-05
593,12260413.803563364,1102.93718017495,0.33131697723858605,-1.319734339648284e-05
594,12260410.290973224,1102.9409535820298,0.331317031496507,-1.3249833236808367e-05
595,12260406.778401894,1102.9447269913833,0.33131708584549147,-1.3302460832914242e-05
596,12260403.26584822,1102.9485004030041,0.3313171402917641,-1.3355170044697148e-05
597,12260399.753313357,1102.9522738168957,0.3313171948291187,-1.3408017086125457e-05
598,12260396.240796143,1102.9560472330518,0.33131724946377983,-1.3460945828037347e-05
599,12260392.728297746,1102.9598206514759,0.33131730418954125,-1.3514012493338212e-05
600,12260389.215816997,1102.9635940721614,0.3313173590126276,-1.3567160933990619e-05
601,12260385.703355059,1102.967367495112,0.33131741392683267,-1.3620447406683253e-05
602,12260382.190910775,1102.9711409203212,0.331317468938381,-1.3673815694802552e-05
603,12260378.678485302,1102.9749143477925,0.33131752404106635,-1.3727322098754282e-05
604,12260375.16607748,1102.9786877775193,0.3313175792411134,-1.3780910412890186e-05
605,12260371.653688475,1102.9824612095053,0.33131763453231583,-1.3834636911733281e-05
606,12260368.141317116,1102.9862346437444,0.3313176899208983,-1.3888445435404585e-05
607,12260364.628964575,1102.9900080802397,0.3313177454006545,-1.3942392207682074e-05
608,12260361.11662968,1102.9937815189849,0.33131780097780905,-1.3996421064755716e-05
609,12260357.604313599,1102.9975549599835,0.3313178566461557,-1.4050588298950512e-05
610,12260354.092015168,1103.001328403229,0.33131791241191905,-1.4104837672941741e-05
611,12260350.579735557,1103.0051018487252,0.33131796826889287,-1.415922548794326e-05
612,12260347.067473594,1103.0088752964652,0.3313180242233017,-1.4213695532540538e-05
613,12260343.555230444,1103.012648746453,0.33131808026893933,-1.4268304111857295e-05
614,12260340.043004943,1103.0164221986815,0.3313181364120303,-1.4322995005601481e-05
615,12260336.530798255,1103.020195653155,0.33131819264636836,-1.4377824532740183e-05
616,12260333.018609216,1103.0239691098666,0.3313182489781781,-1.4432736419374547e-05
617,12260329.50643899,1103.0277425688198,0.33131830540125323,-1.4487787038073458e-05
618,12260325.994286414,1103.0315160300086,0.33131836192181835,-1.4542920111047784e-05
619,12260322.482152654,1103.035289493436,0.3313184185336672,-1.4598191970014224e-05
620,12260318.970036542,1103.039062959096,0.3313184752430244,-1.4653546363126598e-05
621,12260315.457939247,1103.042836426992,0.3313185320436836,-1.4709039650832706e-05
622,12260311.945859604,1103.0466098971174,0.3313185889418694,-1.4764615547587709e-05
623,12260308.433798775,1103.0503833694759,0.3313186459313755,-1.4820330417708053e-05
624,12260304.921755595,1103.0541568440606,0.33131870301842653,-1.4876127976754341e-05
625,12260301.409731233,1103.0579303208758,0.33131876019681616,-1.4932064577990862e-05
626,12260297.897724519,1103.0617037999145,0.331318817472769,-1.4988083957975325e-05
627,12260294.385736618,1103.0654772811806,0.3313188748400787,-1.5044242483765596e-05
628,12260290.873766365,1103.0692507646672,0.3313189323049699,-1.510048386818743e-05
629,12260287.361814924,1103.073024250378,0.33131898986123626,-1.5156864477171424e-05
630,12260283.849881131,1103.0767977383066,0.3313190475151023,-1.5213328019703125e-05
631,12260280.337966153,1103.0805712284568,0.33131910526036185,-1.5269930870519026e-05
632,12260276.826068828,1103.0843447208217,0.33131916310323933,-1.532661672980212e-05
633,12260273.314190315,1103.0881182154053,0.33131922103752853,-1.5383442005940395e-05
634,12260269.802329455,1103.0918917122008,0.33131927906945396,-1.5440350345585433e-05
635,12260266.290487407,1103.0956652112118,0.33131933719280937,-1.549739819076821e-05
636,12260262.778663008,1103.0994387124317,0.3313193954138193,-1.5554529189296398e-05
637,12260259.266857423,1103.1032122158647,0.33131945372627736,-1.561179977209806e-05
638,12260255.755069487,1103.1069857215034,0.3313195121364082,-1.5669153578203908e-05
639,12260252.243300367,1103.1107592293522,0.3313195706380055,-1.57266470473138e-05
640,12260248.7315489,1103.114532739404,0.33131962923729374,-1.5784223829573298e-05
641,12260245.219816245,1103.1183062516627,0.3313196879280667,-1.5841940373445423e-05
642,12260241.70810124,1103.1220797661215,0.33131974671654885,-1.5899740300432726e-05
643,12260238.196405048,1103.1258532827844,0.3313198055965339,-1.595768007769441e-05
644,12260234.684726503,1103.1296268016447,0.33131986457424634,-1.60157033179819e-05
645,12260231.17306677,1103.133400322706,0.3313199236434799,-1.607386649720023e-05
646,12260227.661424689,1103.1371738459616,0.3313199828104591,-1.6132113224329266e-05
647,12260224.149801422,1103.1409473714155,0.33132004206897764,-1.6190499969098727e-05
648,12260220.638195802,1103.1447208990605,0.33132010142526,-1.624897033175482e-05
649,12260217.126608998,1103.1484944289011,0.33132016087309996,-1.6307580795726466e-05
650,12260213.615039846,1103.15226796093,0.3313202204187219,-1.6366274957505757e-05
651,12260210.103489507,1103.1560414951514,0.3313202800559196,-1.642510931421203e-05
652,12260206.591956817,1103.1598150315583,0.3313203397909175,-1.6484027438708827e-05
653,12260203.08044294,1103.1635885701546,0.33132039961750936,-1.6543085841797125e-05
654,12260199.568946712,1103.1673621109335,0.33132045954191963,-1.6602228112487146e-05
655,12260196.057469295,1103.1711356538992,0.331320519557942,-1.6661510760340206e-05
656,12260192.546009528,1103.1749091990444,0.33132057967180095,-1.672087733087253e-05
657,12260189.034568572,1103.1786827463734,0.3313206398772902,-1.678038437713407e-05
658,12260185.523145271,1103.182456295879,0.33132070018063425,-1.6839975401155962e-05
659,12260182.011740785,1103.1862298475655,0.33132076057562676,-1.6899706974613914e-05
660,12260178.500353945,1103.1900034014257,0.33132082106849214,-1.695952264553719e-05
661,12260174.988985918,1103.1937769574638,0.3313208816530242,-1.7019478954510344e-05
662,12260171.477635538,1103.1975505156727,0.3313209423354473,-1.7079519421007823e-05
663,12260167.966303973,1103.2013240760568,0.3313210031095552,-1.7139700619134394e-05
664,12260164.454990054,1103.2050976386085,0.3313210639815723,-1.7199966059701825e-05
665,12260160.94369495,1103.2088712033326,0.33132112494529237,-1.7260372315530535e-05
666,12260157.432417493,1103.2126447702215,0.33132118600693977,-1.7320862883807907e-05
667,12260153.921158852,1103.2164183392795,0.33132124716030825,-1.7381494341031714e-05
668,12260150.409917857,1103.2201919104996,0.3313213084116222,-1.7442210200598752e-05
669,12260146.89869568,1103.2239654838859,0.3313213697546754,-1.7503067047645845e-05
670,12260143.387491148,1103.227739059431,0.3313214311956922,-1.7564008376992784e-05
671,12260139.87630543,1103.2315126371398,0.33132149272846634,-1.7625090787377133e-05
672,12260136.365137361,1103.2352862170046,0.3313215543592222,-1.7686257730196878e-05
673,12260132.853988105,1103.2390597990297,0.33132161608175353,-1.774756584760589e-05
674,12260129.342856502,1103.2428333832083,0.33132167790228473,-1.7808958582385015e-05
675,12260125.831743712,1103.2466069695442,0.3313217398146095,-1.7870492570387375e-05
676,12260122.320648568,1103.2503805580307,0.3313218018249522,-1.7932111250756695e-05
677,12260118.809572237,1103.2541541486717,0.33132186392710655,-1.7993871287831585e-05
678,12260115.298513554,1103.25792774146,0.331321926127297,-1.805571611215706e-05
679,12260111.787473682,1103.2617013364,0.3313219884193172,-1.811770237181097e-05
680,12260108.27645146,1103.2654749334847,0.3313220508093916,-1.817977348874894e-05
681,12260104.765448052,1103.269248532718,0.33132211329131384,-1.8241986119632647e-05
682,12260101.254462292,1103.2730221340926,0.3313221758713083,-1.830428368280839e-05
683,12260097.743495347,1103.2767957376134,0.3313222385431687,-1.8366722853453906e-05
684,12260094.23254605,1103.2805693432724,0.33132230131311946,-1.8429247041344717e-05
685,12260090.721615564,1103.2843429510744,0.3313223641749542,-1.8491912925252934e-05
686,12260087.210702727,1103.2881165610124,0.33132242713489735,-1.8554663911363476e-05
687,12260083.699808702,1103.2918901730902,0.33132249018674254,-1.8617556691974946e-05
688,12260080.188932324,1103.2956637873008,0.3313225533367142,-1.8680534619983406e-05
689,12260076.678074758,1103.2994374036484,0.33132261657860596,-1.8743654440970664e-05
690,12260073.167234842,1103.3032110221257,0.3313226799186423,-1.8806859499290268e-05
691,12260069.656413736,1103.3069846427372,0.3313227433506168,-1.8870206534148586e-05
692,12260066.145610278,1103.3107582654754,0.33132280688075383,-1.8933638886336857e-05
693,12260062.634825632,1103.314531890345,0.33132287050284714,-1.8997213303588857e-05
694,12260059.124058636,1103.3183055173386,0.33132293422312104,-1.9060873108230697e-05
695,12260055.613310449,1103.3220791464603,0.3313229980353692,-1.9124675076397098e-05
696,12260052.102579912,1103.3258527777032,0.33132306194581596,-1.918856251195861e-05
697,12260048.591868188,1103.329626411071,0.3313231259482551,-1.9252592174704453e-05
698,12260045.081174113,1103.3334000465572,0.33132319004891087,-1.9316707389825294e-05
699,12260041.57049885,1103.337173684166,0.331323254241577,-1.9380964945492082e-05
700,12260038.059841232,1103.3409473238898,0.33132331853247776,-1.944530812360535e-05
701,12260034.549202427,1103.3447209657331,0.3313233829154069,-1.950979372579587e-05
702,12260031.03858127,1103.3484946096887,0.33132344739658875,-1.9574365020508227e-05
703,12260027.527978925,1103.3522682557607,0.33132351196981696,-1.9639078837735656e-05
704,12260024.017394226,1103.3560419039422,0.33132357664131584,-1.9703878422534938e-05
705,12260020.506828338,1103.3598155542372,0.3313236414048791,-1.9768820613369026e-05
706,12260016.996280098,1103.3635892066386,0.331323706266731,-1.983384865179967e-05
707,12260013.48575067,1103.3673628611507,0.3313237712206653,-1.9899019389720542e-05
708,12260009.975238888,1103.3711365177662,0.3313238362729063,-1.9964276065208105e-05
709,12260006.464745916,1103.3749101764897,0.3313239014172476,-2.002967551375248e-05
710,12260002.954270596,1103.3786838373135,0.3313239666599136,-2.0095160974925372e-05
711,12259999.443814084,1103.3824575002423,0.3313240319946979,-2.0160789297628074e-05
712,12259995.933375219,1103.3862311652686,0.33132409742782487,-2.022650372790806e-05
713,12259992.422955167,1103.3900048323967,0.33132416295308814,-2.0292361118126458e-05
714,12259988.91255276,1103.3937785016196,0.331324228576712,-2.035830466613819e-05
715,12259985.402169166,1103.3975521729417,0.33132429429249016,-2.0424391272491068e-05
716,12259981.891803212,1103.4013258463553,0.33132436010664684,-2.0490564136564728e-05
717,12259978.381456072,1103.4050995218652,0.3313244260129758,-2.0556880117610428e-05
718,12259974.871126581,1103.4088731994636,0.33132449201770126,-2.0623282421513214e-05
719,12259971.3608159,1103.4126468791553,0.33132455811461686,-2.0689827965632617e-05
720,12259967.850522865,1103.4164205609327,0.33132462430994697,-2.0756459912661634e-05
721,12259964.340248639,1103.4201942448003,0.3313246905974852,-2.0823235173438524e-05
722,12259960.829992058,1103.4239679307507,0.3313247569834558,-2.0890096927123074e-05
723,12259957.319754288,1103.4277416187886,0.3313248234616525,-2.0957102082992998e-05
724,12259953.809534164,1103.4315153089065,0.3313248900382995,-2.102419380188976e-05
725,12259950.299332852,1103.4352890011087,0.33132495670719053,-2.1091429006432665e-05
726,12259946.789149186,1103.4390626953877,0.3313250234745498,-2.1158750854067154e-05
727,12259943.27898433,1103.4428363917484,0.33132509033417096,-2.1226216290685472e-05
728,12259939.768837122,1103.446610090183,0.3313251572922783,-2.1293768430581282e-05
729,12259936.258708723,1103.4503837906964,0.3313252243426655,-2.1361464242909683e-05
730,12259932.74859797,1103.4541574932805,0.3313252914915567,-2.1429246858471423e-05
731,12259929.238506027,1103.4579311979405,0.3313253587327457,-2.1497173244820658e-05
732,12259925.728431728,1103.4617049046685,0.3313254260724567,-2.1565186504538804e-05
733,12259922.21837624,1103.4654786134693,0.33132549350448326,-2.1633343608539694e-05
734,12259918.708338395,1103.469252324335,0.33132556103504973,-2.1701587675932116e-05
735,12259915.19831936,1103.473026037271,0.33132562865794973,-2.1769975671037886e-05
736,12259911.688317973,1103.476799752269,0.3313256963794075,-2.1838450699679102e-05
737,12259908.178335395,1103.4805734693339,0.3313257641932167,-2.1907069764311785e-05
738,12259904.668370461,1103.484347188458,0.3313258321056015,-2.197577594754013e-05
739,12259901.158424336,1103.4881209096463,0.3313259001103556,-2.204462626011978e-05
740,12259897.648495857,1103.4918946328908,0.33132596821370325,-2.2113563751505923e-05
741,12259894.138586188,1103.4956683581963,0.33132603640943803,-2.2182645450684926e-05
742,12259890.628694165,1103.499442085555,0.3313261047037842,-2.2251814413739065e-05
743,12259887.118820952,1103.503215814972,0.3313261730905354,-2.2321127672962902e-05
744,12259883.608965384,1103.5069895464394,0.33132624157591584,-2.2390528281134716e-05
745,12259880.099128619,1103.510763279962,0.33132631015371916,-2.2460073303671183e-05
746,12259876.589309499,1103.514537015532,0.3313263788301695,-2.252970574532054e-05
747,12259873.07950919,1103.5183107531543,0.33132644759906066,-2.2599482659874797e-05
748,12259869.56972652,1103.5220844928213,0.3313265164666167,-2.2669347088564656e-05
749,12259866.05996266,1103.5258582345373,0.3313265854266313,-2.2739356093429863e-05
750,12259862.550216446,1103.5296319782951,0.33132665448532866,-2.2809452672662688e-05
751,12259859.04048904,1103.5334057240993,0.3313267236365024,-2.2879693916422955e-05
752,12259855.530779278,1103.537179471942,0.33132679288637673,-2.2950022809699288e-05
753,12259852.021088326,1103.5409532218282,0.3313268622287453,-2.3020496455848893e-05
754,12259848.51141502,1103.54472697375,0.3313269316698323,-2.309105783660876e-05
755,12259845.00176052,1103.5485007277123,0.33132700120343134,-2.3161764063552134e-05
756,12259841.492123665,1103.5522744837074,0.33132707083576657,-2.3232558095292162e-05
757,12259837.98250562,1103.5560482417402,0.33132714056063167,-2.3303497061549005e-05
758,12259834.472905217,1103.5598220018028,0.3313272103842508,-2.337452392764671e-05
759,12259830.96332362,1103.5635957639001,0.3313272803004176,-2.3445695826529608e-05
760,12259827.453759663,1103.5673695280243,0.3313273503153562,-2.351695570041911e-05
761,12259823.944214515,1103.5711432941803,0.3313274204228603,-2.358836069044379e-05
762,12259820.434687011,1103.57491706236,0.33132749062915395,-2.3659853730645225e-05
763,12259816.925178315,1103.5786908325688,0.33132756092803084,-2.3731491975296155e-05
764,12259813.415687263,1103.5824646047984,0.33132763132571513,-2.380321835026906e-05
765,12259809.90621502,1103.5862383790538,0.33132770181600046,-2.387509001302877e-05
766,12259806.396760419,1103.5900121553275,0.33132777240511097,-2.3947049871347987e-05
767,12259802.887324626,1103.5937859336238,0.33132784308684027,-2.4019155135579762e-05
768,12259799.377906475,1103.5975597139354,0.3313279138674125,-2.409134867552506e-05
769,12259795.86850713,1103.6013334962668,0.3313279847406213,-2.4163687714648824e-05
770,12259792.359125428,1103.6051072806101,0.3313280557126908,-2.4236115099703195e-05
771,12259788.849762533,1103.6088810669708,0.33132812677741463,-2.4308688047371426e-05
772,12259785.340417283,1103.6126548553405,0.3313281979410169,-2.4381349431074536e-05
773,12259781.831090834,1103.6164286457245,0.33132826919729125,-2.445415651041003e-05
774,12259778.321782028,1103.6202024381146,0.3313283405524618,-2.452705210097708e-05
775,12259774.812492028,1103.623976232516,0.33132841200032215,-2.4600093440657652e-05
776,12259771.30321967,1103.6277500289207,0.33132848354709643,-2.467322337174167e-05
777,12259767.793966118,1103.6315238273335,0.3313285551865782,-2.4746499160091373e-05
778,12259764.284730205,1103.6352976277465,0.3313286269249917,-2.481986362499154e-05
779,12259760.7755131,1103.6390714301651,0.33132869875613047,-2.4893374020508328e-05
780,12259757.266313635,1103.6428452345808,0.3313287706862186,-2.4966973187668467e-05
781,12259753.757132977,1103.646619040999,0.3313288427090497,-2.5040718373701705e-05
782,12259750.247969963,1103.6503928494117,0.3313289148308479,-2.5114552381739633e-05
783,12259746.73882575,1103.6541666598239,0.33132898704540686,-2.5188532516783307e-05
784,12259743.22969918,1103.6579404722274,0.33132905935895063,-2.5262601563962943e-05
785,12259739.720591417,1103.6617142866273,0.3313291317652728,-2.5336816821421037e-05
786,12259736.211501293,1103.6654881030156,0.3313292042705974,-2.5411121076180292e-05
787,12259732.702429973,1103.669261921398,0.3313292768687182,-2.548557163939616e-05
788,12259729.193376295,1103.6730357417657,0.3313293495658592,-2.5560111240346923e-05
789,12259725.684341423,1103.6768095641244,0.331329422355814,-2.5634797257867243e-05
790,12259722.175324194,1103.6805833884655,0.3313294952448066,-2.5709572408238126e-05
791,12259718.66632577,1103.684357214794,0.33132956822663073,-2.5784494043519564e-05
792,12259715.157344986,1103.6881310431022,0.3313296413075104,-2.5859504901801176e-05
793,12259711.648383,1103.6919048733953,0.33132971448123927,-2.5934662343151726e-05
794,12259708.139438657,1103.6956787056652,0.33132978775404137,-2.600990909268599e-05
795,12259704.63051312,1103.6994525399166,0.3313298611197103,-2.6085302503558286e-05
796,12259701.121605223,1103.7032263761419,0.3313299345844701,-2.6160785302831854e-05
797,12259697.612716127,1103.7070002143462,0.3313300081421144,-2.6236414861588504e-05
798,12259694.103844672,1103.710774054521,0.3313300817988672,-2.6312133888968646e-05
799,12259690.594992023,1103.714547896672,0.3313301555485222,-2.638799976402895e-05
800,12259687.086157015,1103.7183217407908,0.33133022939730333,-2.6463955173027638e-05
801,12259683.577340802,1103.7220955868827,0.33133030333900426,-2.6540057542750174e-05
802,12259680.06854223,1103.725869434939,0.33133037737984905,-2.6616249531613295e-05
803,12259676.559762465,1103.729643284966,0.3313304515136312,-2.6692588534589388e-05
804,12259673.05100034,1103.7334171369546,0.33133052574657484,-2.6769017241913017e-05
805,12259669.542257018,1103.7371909909102,0.33133060007247356,-2.684559307140915e-05
806,12259666.033531338,1103.740964846825,0.3313306744975513,-2.692225867058189e-05
807,12259662.524824457,1103.7447387047039,0.3313307490156018,-2.699907150992121e-05
808,12259659.016135216,1103.748512564539,0.33133082363284894,-2.7075974184270925e-05
809,12259655.507464774,1103.752286426335,0.3313308983430864,-2.7153024186950686e-05
810,12259651.998811973,1103.756060290084,0.3313309731525381,-2.7230164109861952e-05
811,12259648.490177976,1103.7598341557912,0.33133104805499775,-2.730745144925992e-05
812,12259644.981561614,1103.7636080234488,0.3313311230566893,-2.7384828799085938e-05
813,12259641.472964056,1103.7673818930616,0.3313311981514064,-2.746235364360722e-05
814,12259637.964384131,1103.7711557646217,0.33133127334537293,-2.7539968573845983e-05
815,12259634.455823012,1103.7749296381342,0.33133134863238256,-2.761773109189365e-05
816,12259630.947279526,1103.7787035135907,0.3313314240186593,-2.76955837908356e-05
817,12259627.438754844,1103.7824773909965,0.3313314994979967,-2.7773584165722583e-05
818,12259623.9302478,1103.7862512703439,0.3313315750766187,-2.7851674781891037e-05
819,12259620.42175956,1103.7900251516378,0.331331650748319,-2.7929913172075093e-05
820,12259616.913288957,1103.7937990348696,0.3313317265193215,-2.800824188878578e-05
821,12259613.404837154,1103.797572920045,0.33133180238341986,-2.8086718477575745e-05
822,12259609.89640299,1103.801346807156,0.33133187834683797,-2.8165285463230493e-05
823,12259606.387987625,1103.8051206962077,0.3313319544033695,-2.82440004239919e-05
824,12259602.879589893,1103.8088945871918,0.3313320305592383,-2.83228058519611e-05
825,12259599.371210964,1103.8126684801134,0.3313321068082381,-2.8401759338174937e-05
826,12259595.862849671,1103.8164423749643,0.3313321831565928,-2.848080337685635e-05
827,12259592.354507176,1103.8202162717498,0.3313322595980959,-2.855999557679592e-05
828,12259588.84618232,1103.8239901704621,0.3313323361389715,-2.863927839955589e-05
829,12259585.337876268,1103.8277640711062,0.33133241277301306,-2.8718709461727466e-05
830,12259581.829587847,1103.8315379736737,0.3313324895064446,-2.8798231236959693e-05
831,12259578.321318226,1103.8353118781702,0.3313325663330597,-2.887790134963246e-05
832,12259574.81306624,1103.8390857845868,0.33133264325908224,-2.895766226064043e-05
833,12259571.304833058,1103.8428596929296,0.33133272027830585,-2.903757159716965e-05
834,12259567.796617508,1103.8466336031895,0.3313327973969545,-2.9117571812342945e-05
835,12259564.28842076,1103.8504075153728,0.3313328746088217,-2.9197720551052427e-05
836,12259560.780241644,1103.8541814294706,0.33133295192013146,-2.9277960238778595e-05
837,12259557.272081327,1103.8579553454886,0.3313330293246773,-2.9358348538107622e-05
838,12259553.763938647,1103.8617292634178,0.3313331068286831,-2.9438827861801584e-05
839,12259550.255814765,1103.8655031832645,0.3313331844259425,-2.9519455890128616e-05
840,12259546.747708518,1103.8692771050198,0.33133326212267944,-2.9600175023144437e-05
841,12259543.239621075,1103.8730510286891,0.33133333991268743,-2.9681042938904676e-05
842,12259539.731551258,1103.876824954264,0.3313334178021904,-2.9762002059564983e-05
843,12259536.223500239,1103.8805988817503,0.33133349578498195,-2.9843110085809377e-05
844,12259532.715466855,1103.884372811139,0.33133357386728596,-2.9924309377405334e-05
845,12259529.20745227,1103.8881467424362,0.331333652042896,-3.0005657647711894e-05
846,12259525.69945532,1103.891920675633,0.331333730318036,-3.008709725376778e-05
847,12259522.191477166,1103.8956946107353,0.3313338086864994,-3.0168685946447887e-05
848,12259518.683516646,1103.8994685477342,0.3313338871545103,-3.025036607013316e-05
849,12259515.175574923,1103.9032424866355,0.3313339657158621,-3.033219536349605e-05
850,12259511.667650837,1103.9070164274306,0.33133404437677877,-3.0414116148330896e-05
851,12259508.15974555,1103.9107903701254,0.33133412313105387,-3.0496186195830832e-05
852,12259504.65185789,1103.9145643147108,0.33133420198491126,-3.0578347835039334e-05
853,12259501.143989023,1103.9183382611925,0.3313342809321445,-3.066065884977556e-05
854,12259497.636137793,1103.9221122095623,0.3313343599789775,-3.074306151172675e-05
855,12259494.12830536,1103.9258861598257,0.33133443911920374,-3.0825613612355165e-05
856,12259490.620490564,1103.9296601119738,0.3313345183590472,-3.0908257440563126e-05
857,12259487.112694561,1103.9334340660125,0.3313345976923014,-3.0991050830237604e-05
858,12259483.604916187,1103.937208021933,0.33133467712519016,-3.107393604277309e-05
859,12259480.097156612,1103.9409819797413,0.3313347566515071,-3.1156970879910136e-05
860,12259476.589414665,1103.9447559394284,0.331334836277476,-3.124009763022421e-05
861,12259473.081691517,1103.9485299010003,0.33133491599689047,-3.132337409809113e-05
862,12259469.573986,1103.9523038644481,0.33133499581597436,-3.140674254957397e-05
863,12259466.06629928,1103.956077829778,0.3313350757285212,-3.14902608264654e-05
864,12259462.558630187,1103.9598517969807,0.3313351557407549,-3.157387117232855e-05
865,12259459.050979894,1103.9636257660623,0.33133523584646896,-3.1657631416654685e-05
866,12259455.543347228,1103.967399737014,0.3313353160518872,-3.174148381034301e-05
867,12259452.035733359,1103.9711737098412,0.3313353963508032,-3.182548620039428e-05
868,12259448.52813712,1103.9749476845357,0.3313354767494408,-3.1909580810262294e-05
869,12259445.020559674,1103.978721661103,0.3313355572415935,-3.199382553923871e-05
870,12259441.512999859,1103.9824956395344,0.3313356378334852,-3.207816256346227e-05
871,12259438.005458837,1103.9862696198356,0.33133571851890936,-3.21626497798266e-05
872,12259434.49793545,1103.9900436019982,0.3313357993040899,-3.224722935196203e-05
873,12259430.990430854,1103.9938175860277,0.3313358801828203,-3.2331959229027764e-05
874,12259427.482943887,1103.9975915719153,0.33133596116132435,-3.2416781567129005e-05
875,12259423.975475712,1104.0013655596672,0.3313360422333957,-3.2501754298089836e-05
876,12259420.468025167,1104.0051395492742,0.3313361234052581,-3.258681955062071e-05
877,12259416.960593417,1104.0089135407422,0.331336204670705,-3.2672035283933064e-05
878,12259413.453179296,1104.0126875340625,0.3313362860359604,-3.2757343624208235e-05
879,12259409.945783967,1104.016461529241,0.33133636749481765,-3.284280254312038e-05
880,12259406.438406268,1104.0202355262688,0.3313364490535007,-3.2928354149422916e-05
881,12259402.931047361,1104.0240095251518,0.33133653070580293,-3.301405642723988e-05
882,12259399.423706084,1104.0277835258807,0.33133661245794827,-3.3099851462939044e-05
883,12259395.916383594,1104.0315575284621,0.3313366943037302,-3.31857972829049e-05
884,12259392.409078734,1104.0353315328869,0.33133677624937247,-3.327183594616171e-05
885,12259388.90179267,1104.0391055391608,0.33133685828866866,-3.335802544678336e-05
886,12259385.394524237,1104.042879547275,0.33133694042784256,-3.344430788108072e-05
887,12259381.887274584,1104.0466535572357,0.33133702266068765,-3.353074129033284e-05
888,12259378.380042562,1104.0504275690337,0.3313371049934278,-3.361726769382758e-05
889,12259374.872829333,1104.0542015826748,0.3313371874198564,-3.370394514524229e-05
890,12259371.365633734,1104.0579755981505,0.33133726994619733,-3.379071567135415e-05
891,12259367.858456925,1104.0617496154666,0.3313373525662441,-3.38776373431964e-05
892,12259364.351297742,1104.0655236346142,0.3313374352862204,-3.3964652175166304e-05
893,12259360.844157346,1104.0692976555993,0.3313375180999198,-3.4051818245698895e-05
894,12259357.337034581,1104.0730716784128,0.3313376010135661,-3.4139077551854024e-05
895,12259353.829930605,1104.0768457030608,0.33133768402095276,-3.422648818442596e-05
896,12259350.322844252,1104.0806197295342,0.3313377671283036,-3.4313992157944054e-05
897,12259346.815776695,1104.0843937578393,0.33133785032941204,-3.44016475357844e-05
898,12259343.308726763,1104.0881677879668,0.3313379336305019,-3.448939632510623e-05
899,12259339.801695617,1104.091941819923,0.3313380170253667,-3.457729663144185e-05
900,12259336.294682095,1104.095715853699,0.33133810052023016,-3.466529043471144e-05
901,12259332.787687365,1104.0994898893002,0.33133818410888577,-3.475343584282599e-05
902,12259329.280710263,1104.1032639267182,0.3313382677975573,-3.484167479853879e-05
903,12259325.773751948,1104.1070379659589,0.33133835158003827,-3.493006546183168e-05
904,12259322.266811254,1104.1108120070132,0.33133843546255237,-3.501854978800955e-05
905,12259318.75988935,1104.114586049887,0.33133851943889314,-3.5107185909583295e-05
906,12259315.25298507,1104.1183600945717,0.3313386035152843,-3.519591574968797e-05
907,12259311.74609958,1104.1221341410728,0.3313386876855194,-3.5284797477967156e-05
908,12259308.239231715,1104.1259081893818,0.33133877195582206,-3.537377301025196e-05
909,12259304.732382638,1104.1296822395047,0.3313388563199859,-3.54629005284527e-05
910,12259301.22555118,1104.1334562914321,0.33133894078423454,-3.5552121951050876e-05
911,12259297.718738513,1104.1372303451703,0.33133902534236154,-3.5641495437416556e-05
912,12259294.21194347,1104.1410044007102,0.3313391100005906,-3.573096288881296e-05
913,12259290.705167213,1104.1447784580582,0.3313391947527151,-3.582058251164381e-05
914,12259287.198408583,1104.1485525172047,0.33133927960495896,-3.591029616511483e-05
915,12259283.691668738,1104.1523265781564,0.3313393645511155,-3.600016210762042e-05
916,12259280.184946513,1104.1561006409036,0.3313394495974085,-3.609012217620438e-05
917,12259276.67824307,1104.1598747054525,0.33133953473763145,-3.61802346166216e-05
918,12259273.171557257,1104.1636487717942,0.331339619978008,-3.627044124873799e-05
919,12259269.66489023,1104.1674228399352,0.33133970531233164,-3.636080035039003e-05
920,12259266.158240821,1104.171196909866,0.3313397907468261,-3.645125372427924e-05
921,12259262.651610197,1104.1749709815927,0.3313398762752849,-3.6541859665398656e-05
922,12259259.144997198,1104.1787450551064,0.33133996190393167,-3.663255996426943e-05
923,12259255.638402985,1104.182519130413,0.3313400476265599,-3.672341290320457e-05
924,12259252.131826391,1104.1862932075037,0.3313401334493932,-3.681436028541099e-05
925,12259248.62526858,1104.1900672863842,0.3313402193662252,-3.690546042524256e-05
926,12259245.118728396,1104.1938413670455,0.33134030538327947,-3.699665508393006e-05
927,12259241.612206994,1104.1976154494942,0.3313403914943495,-3.7088002587972555e-05
928,12259238.10570321,1104.2013895337207,0.331340477705659,-3.717944468149087e-05
929,12259234.59921821,1104.2051636197316,0.3313405640110014,-3.7271039718027095e-05
930,12259231.092750834,1104.2089377075172,0.33134065041660044,-3.736272942957632e-05
931,12259227.586302236,1104.212711797084,0.3313407369162495,-3.7454572191739374e-05
932,12259224.079871261,1104.2164858884228,0.3313408235161722,-3.754650970451742e-05
933,12259220.573459072,1104.2202599815398,0.33134091021016215,-3.7638600330762784e-05
934,12259217.0670645,1104.2240340764258,0.3313409970044429,-3.7730785793171925e-05
935,12259213.560688708,1104.2278081730874,0.331341083892808,-3.78231244915398e-05
936,12259210.054330539,1104.2315822715145,0.331341170881481,-3.791555809671459e-05
937,12259206.547991155,1104.2353563717143,0.33134125796425545,-3.800814501559707e-05
938,12259203.041669384,1104.239130473677,0.3313413451473549,-3.810082695169934e-05
939,12259199.535366395,1104.242904577409,0.3313414324245729,-3.8193662309073164e-05
940,12259196.02908103,1104.2466786829011,0.33134151980213306,-3.828659272946916e-05
941,12259192.522814443,1104.2504527901594,0.33134160727382883,-3.837967666378109e-05
942,12259189.016565476,1104.254226899175,0.3313416948458838,-3.8472855751657795e-05
943,12259185.510335287,1104.258001009954,0.3313417825120915,-3.856618844608674e-05
944,12259182.004122717,1104.2617751224868,0.3313418702786755,-3.865961637468801e-05
945,12259178.497928927,1104.2655492367803,0.3313419581394293,-3.875319802235163e-05
946,12259174.991752757,1104.2693233528248,0.3313420461005765,-3.8846874974860056e-05
947,12259171.48559536,1104.273097470627,0.3313421341559106,-3.894070573905089e-05
948,12259167.979455581,1104.276871590177,0.33134222231165505,-3.903463189864687e-05
949,12259164.473334584,1104.2806457114816,0.33134231056160346,-3.9128711937684826e-05
950,12259160.967231205,1104.2844198345313,0.3313423989119794,-3.92228874676647e-05
951,12259157.461146608,1104.2881939593326,0.33134248735657634,-3.931721697466075e-05
952,12259153.955079624,1104.291968085876,0.3313425759016178,-3.9411642038318634e-05
953,12259150.44903142,1104.2957422141683,0.33134266454089734,-3.950622119644061e-05
954,12259146.943000833,1104.2995163441997,0.33134275328063845,-3.9600895981920784e-05
955,12259143.436989024,1104.3032904759768,0.3313428421146346,-3.969572493954103e-05
956,12259139.930994827,1104.30706460949,0.3313429310491094,-3.9790649620074174e-05
957,12259136.425019411,1104.3108387447458,0.33134302007785627,-3.988572858520839e-05
958,12259132.91906161,1104.3146128817348,0.3313431092070988,-3.998090334396384e-05
959,12259129.413122589,1104.3183870204634,0.3313431984306305,-4.007623246497995e-05
960,12259125.90720118,1104.3221611609224,0.33134328775467486,-4.0171657465243074e-05
961,12259122.401298549,1104.325935303118,0.33134337717302537,-4.026723694021132e-05
962,12259118.895413531,1104.3297094470408,0.33134346669190556,-4.036291237011754e-05
963,12259115.389547294,1104.3334835926976,0.33134355630510887,-4.04587423523719e-05
964,12259111.883698668,1104.3372577400785,0.33134364601885885,-4.055466837520215e-05
965,12259108.377868816,1104.3410318891902,0.331343735826949,-4.0650749082690197e-05
966,12259104.87205658,1104.344806040023,0.3313438257356028,-4.074692589154586e-05
967,12259101.366263123,1104.348580192584,0.3313439157386137,-4.084325745771531e-05
968,12259097.860487273,1104.352354346863,0.33134400584220536,-4.093968523078424e-05
969,12259094.354730202,1104.356128502867,0.33134409604017107,-4.1036267838784996e-05
970,12259090.848990744,1104.3599026605864,0.3313441863387344,-4.113294672940063e-05
971,12259087.34327006,1104.3636768200274,0.33134427673168887,-4.122978057729176e-05
972,12259083.837566987,1104.3674509811808,0.33134436722525795,-4.132671078351922e-05
973,12259080.331882693,1104.3712251440534,0.33134445781323507,-4.1423796014682656e-05
974,12259076.826216007,1104.374999308635,0.33134454850184375,-4.152097770476223e-05
975,12259073.320568094,1104.378773474933,0.33134463928487745,-4.161831453713425e-05
976,12259069.814937796,1104.382547642937,0.3313447301685597,-4.171574787433357e-05
977,12259066.309326269,1104.3863218126542,0.3313448211466839,-4.181333645129162e-05
978,12259062.803732354,1104.3900959840744,0.3313449122254735,-4.191102163863956e-05
979,12259059.298157215,1104.393870157205,0.3313450033987221,-4.200886214332235e-05
980,12259055.792599682,1104.3976443320357,0.33134509467265305,-4.210679933414122e-05
981,12259052.287060924,1104.4014185085737,0.33134518604105984,-4.22048919695669e-05
982,12259048.781539775,1104.4051926868087,0.33134527751016596,-4.230308135196978e-05
983,12259045.276037395,1104.408966866748,0.33134536907376483,-4.2401426271449924e-05
984,12259041.770552628,1104.4127410483816,0.3313454607380799,-4.2499868023606803e-05
985,12259038.265086636,1104.4165152317164,0.33134555249690467,-4.259846538542125e-05
986,12259034.759638246,1104.4202894167427,0.33134564435646263,-4.26971596954407e-05
987,12259031.254208632,1104.4240636034672,0.33134573631054715,-4.2796009702600724e-05
988,12259027.748796627,1104.42783779188,0.33134582836538173,-4.28949567088849e-05
989,12259024.243403394,1104.431611981988,0.3313459205147598,-4.2994059544517885e-05
990,12259020.738027768,1104.4353861737814,0.33134601276490483,-4.309325945008213e-05
991,12259017.232670914,1104.4391603672668,0.3313461051096102,-4.319261528240193e-05
992,12259013.727331668,1104.4429345624346,0.3313461975550994,-4.329206827037762e-05
993,12259010.222011188,1104.4467087592918,0.3313462900951659,-4.339167726759582e-05
994,12259006.716708317,1104.4504829578286,0.3313463827360331,-4.349138350620085e-05
995,12259003.211424218,1104.4542571580516,0.3313464754714945,-4.359124585143801e-05
996,12258999.706157725,1104.4580313599508,0.3313465683077734,-4.369120551882888e-05
997,12258996.200909998,1104.4618055635335,0.33134666123866335,-4.3791321390232815e-05
998,12258992.69567988,1104.4655797687897,0.33134675427038773,-4.389153465959336e-05
999,12258989.190468533,1104.469353975726,0.33134684739674,-4.3991904230339266e-05
1000,12258985.685274787,1104.473128184333,0.33134694062394354,-4.4092371289762225e-05
